{
   "library":{
      "types_data":{
         "block":{
            "categories":[
               "footer",
               "footer-mobile",
               "shop-header"
            ]
         },
         "page":{
            "categories":[
               "homepage",
               "single-product",
               "product-archive",
               "about",
               "careers",
               "contact",
               "become-a-vendor",
               "faq",
               "coming-soon",
               "pricing-table",
               "team",
               "help-center"
            ]
         }
      },
      "templates":[
         {
            "id":"pages/home-v1",
            "title":"Home v1 - Marketplace",
            "thumbnail":"",
            "tmpl_created":1655982932,
            "author":"uixtheme",
            "url":"",
            "type":"page",
            "subtype":"homepage",
            "tags":"homepage",
            "menu_order":1,
            "popularity_index":1,
            "trend_index":1,
            "is_pro":false,
            "has_page_settings":true
         },
         {
            "id":"pages/home-v2",
            "title":"Home v2 - Retail",
            "thumbnail":"",
            "tmpl_created":1655982932,
            "author":"uixtheme",
            "url":"",
            "type":"page",
            "subtype":"homepage",
            "tags":"homepage",
            "menu_order":1,
            "popularity_index":1,
            "trend_index":1,
            "is_pro":false,
            "has_page_settings":true
         },
         {
            "id":"pages/home-v3",
            "title":"Home v3 - Mega Market",
            "thumbnail":"",
            "tmpl_created":1655982932,
            "author":"uixtheme",
            "url":"",
            "type":"page",
            "subtype":"homepage",
            "tags":"homepage",
            "menu_order":1,
            "popularity_index":1,
            "trend_index":1,
            "is_pro":false,
            "has_page_settings":true
         },
         {
            "id":"pages/home-v4",
            "title":"Home v4 - Multi Vendor",
            "thumbnail":"",
            "tmpl_created":1655982932,
            "author":"uixtheme",
            "url":"",
            "type":"page",
            "subtype":"homepage",
            "tags":"homepage",
            "menu_order":1,
            "popularity_index":1,
            "trend_index":1,
            "is_pro":false,
            "has_page_settings":true
         },
         {
            "id":"pages/home-v5",
            "title":"Home v5 - Super Market",
            "thumbnail":"",
            "tmpl_created":1655982932,
            "author":"uixtheme",
            "url":"",
            "type":"page",
            "subtype":"homepage",
            "tags":"homepage",
            "menu_order":1,
            "popularity_index":1,
            "trend_index":1,
            "is_pro":false,
            "has_page_settings":true
         },
         {
            "id":"pages/home-v6",
            "title":"Home v6 - Eletronics",
            "thumbnail":"",
            "tmpl_created":1655982932,
            "author":"uixtheme",
            "url":"",
            "type":"page",
            "subtype":"homepage",
            "tags":"homepage",
            "menu_order":1,
            "popularity_index":1,
            "trend_index":1,
            "is_pro":false,
            "has_page_settings":true
         },
         {
            "id":"pages/home-v7",
            "title":"Home v7 - Eletronics",
            "thumbnail":"",
            "tmpl_created":1655982932,
            "author":"uixtheme",
            "url":"",
            "type":"page",
            "subtype":"homepage",
            "tags":"homepage",
            "menu_order":1,
            "popularity_index":1,
            "trend_index":1,
            "is_pro":false,
            "has_page_settings":true
         },
         {
            "id":"pages/home-v8",
            "title":"Home v8 - Eletronics",
            "thumbnail":"",
            "tmpl_created":1655982932,
            "author":"uixtheme",
            "url":"",
            "type":"page",
            "subtype":"homepage",
            "tags":"homepage",
            "menu_order":1,
            "popularity_index":1,
            "trend_index":1,
            "is_pro":false,
            "has_page_settings":true
         },
         {
            "id":"pages/home-v9",
            "title":"Home v9 - Eletronics",
            "thumbnail":"",
            "tmpl_created":1655982932,
            "author":"uixtheme",
            "url":"",
            "type":"page",
            "subtype":"homepage",
            "tags":"homepage",
            "menu_order":1,
            "popularity_index":1,
            "trend_index":1,
            "is_pro":false,
            "has_page_settings":true
         },
         {
            "id":"pages/home-v10",
            "title":"Home v10 - Eletronics",
            "thumbnail":"",
            "tmpl_created":1655982932,
            "author":"uixtheme",
            "url":"",
            "type":"page",
            "subtype":"homepage",
            "tags":"homepage",
            "menu_order":1,
            "popularity_index":1,
            "trend_index":1,
            "is_pro":false,
            "has_page_settings":true
         },
         {
            "id":"product-layouts/product-v1",
            "title":"Single Product v1",
            "thumbnail":"",
            "tmpl_created":1655982932,
            "author":"uixtheme",
            "url":"",
            "type":"page",
            "subtype":"single-product",
            "tags":"single-product",
            "menu_order":1,
            "popularity_index":1,
            "trend_index":1,
            "is_pro":false,
            "has_page_settings":true
         },
         {
            "id":"product-layouts/product-v2",
            "title":"Single Product v2",
            "thumbnail":"",
            "tmpl_created":1655982932,
            "author":"uixtheme",
            "url":"",
            "type":"page",
            "subtype":"single-product",
            "tags":"single-product",
            "menu_order":1,
            "popularity_index":1,
            "trend_index":1,
            "is_pro":false,
            "has_page_settings":true
         },
          {
            "id":"product-layouts/product-v3",
            "title":"Single Product v3",
            "thumbnail":"",
            "tmpl_created":1655982932,
            "author":"uixtheme",
            "url":"",
            "type":"page",
            "subtype":"single-product",
            "tags":"single-product",
            "menu_order":1,
            "popularity_index":1,
            "trend_index":1,
            "is_pro":false,
            "has_page_settings":true
         },
          {
            "id":"product-layouts/product-v4",
            "title":"Single Product v4",
            "thumbnail":"",
            "tmpl_created":1655982932,
            "author":"uixtheme",
            "url":"",
            "type":"page",
            "subtype":"single-product",
            "tags":"single-product",
            "menu_order":1,
            "popularity_index":1,
            "trend_index":1,
            "is_pro":false,
            "has_page_settings":true
         },
          {
            "id":"product-layouts/product-v5",
            "title":"Single Product v5",
            "thumbnail":"",
            "tmpl_created":1655982932,
            "author":"uixtheme",
            "url":"",
            "type":"page",
            "subtype":"single-product",
            "tags":"single-product",
            "menu_order":1,
            "popularity_index":1,
            "trend_index":1,
            "is_pro":false,
            "has_page_settings":true
         },
          {
            "id":"product-layouts/product-v6",
            "title":"Single Product v6",
            "thumbnail":"",
            "tmpl_created":1655982932,
            "author":"uixtheme",
            "url":"",
            "type":"page",
            "subtype":"single-product",
            "tags":"single-product",
            "menu_order":1,
            "popularity_index":1,
            "trend_index":1,
            "is_pro":false,
            "has_page_settings":true
         },
         {
            "id":"product-archives/product-archive-v1",
            "title":"Product Archive v1",
            "thumbnail":"",
            "tmpl_created":1655982932,
            "author":"uixtheme",
            "url":"",
            "type":"page",
            "subtype":"product-archive",
            "tags":"product-archive",
            "menu_order":1,
            "popularity_index":1,
            "trend_index":1,
            "is_pro":false,
            "has_page_settings":true
         },
         {
            "id":"product-archives/product-archive-v2",
            "title":"Product Archive v2",
            "thumbnail":"",
            "tmpl_created":1655982932,
            "author":"uixtheme",
            "url":"",
            "type":"page",
            "subtype":"product-archive",
            "tags":"product-archive",
            "menu_order":1,
            "popularity_index":1,
            "trend_index":1,
            "is_pro":false,
            "has_page_settings":true
         },
         {
            "id":"product-archives/product-archive-v3",
            "title":"Product Archive v3",
            "thumbnail":"",
            "tmpl_created":1655982932,
            "author":"uixtheme",
            "url":"",
            "type":"page",
            "subtype":"product-archive",
            "tags":"product-archive",
            "menu_order":1,
            "popularity_index":1,
            "trend_index":1,
            "is_pro":false,
            "has_page_settings":true
         },
         {
            "id":"product-archives/product-archive-v4",
            "title":"Product Archive v4",
            "thumbnail":"",
            "tmpl_created":1655982932,
            "author":"uixtheme",
            "url":"",
            "type":"page",
            "subtype":"product-archive",
            "tags":"product-archive",
            "menu_order":1,
            "popularity_index":1,
            "trend_index":1,
            "is_pro":false,
            "has_page_settings":true
         },
         {
            "id":"pages/about-v1",
            "title":"About v1",
            "thumbnail":"",
            "tmpl_created":1655982932,
            "author":"uixtheme",
            "url":"",
            "type":"page",
            "subtype":"about",
            "tags":"about",
            "menu_order":1,
            "popularity_index":1,
            "trend_index":1,
            "is_pro":false,
            "has_page_settings":true
         },
         {
            "id":"pages/about-v2",
            "title":"About v2",
            "thumbnail":"",
            "tmpl_created":1655982932,
            "author":"uixtheme",
            "url":"",
            "type":"page",
            "subtype":"about",
            "tags":"about",
            "menu_order":1,
            "popularity_index":1,
            "trend_index":1,
            "is_pro":false,
            "has_page_settings":true
         },
         {
            "id":"pages/careers",
            "title":"Careers",
            "thumbnail":"",
            "tmpl_created":1655982932,
            "author":"uixtheme",
            "url":"",
            "type":"page",
            "subtype":"careers",
            "tags":"careers",
            "menu_order":1,
            "popularity_index":1,
            "trend_index":1,
            "is_pro":false,
            "has_page_settings":true
         },
         {
            "id":"pages/contact-v1",
            "title":"Contact v1",
            "thumbnail":"",
            "tmpl_created":1655982932,
            "author":"uixtheme",
            "url":"",
            "type":"page",
            "subtype":"contact",
            "tags":"contact",
            "menu_order":1,
            "popularity_index":1,
            "trend_index":1,
            "is_pro":false,
            "has_page_settings":true
         },
         {
            "id":"pages/contact-v2",
            "title":"Contact v2",
            "thumbnail":"",
            "tmpl_created":1655982932,
            "author":"uixtheme",
            "url":"",
            "type":"page",
            "subtype":"contact",
            "tags":"contact",
            "menu_order":1,
            "popularity_index":1,
            "trend_index":1,
            "is_pro":false,
            "has_page_settings":true
         },
         {
            "id":"pages/become-a-vendor",
            "title":"Become A Vendor",
            "thumbnail":"",
            "tmpl_created":1655982932,
            "author":"uixtheme",
            "url":"",
            "type":"page",
            "subtype":"become-a-vendor",
            "tags":"become-a-vendor",
            "menu_order":1,
            "popularity_index":1,
            "trend_index":1,
            "is_pro":false,
            "has_page_settings":true
         },
         {
            "id":"pages/faq-v1",
            "title":"FAQ v1",
            "thumbnail":"",
            "tmpl_created":1655982932,
            "author":"uixtheme",
            "url":"",
            "type":"page",
            "subtype":"faq",
            "tags":"faq",
            "menu_order":1,
            "popularity_index":1,
            "trend_index":1,
            "is_pro":false,
            "has_page_settings":true
         },
         {
            "id":"pages/faq-v2",
            "title":"FAQ v2",
            "thumbnail":"",
            "tmpl_created":1655982932,
            "author":"uixtheme",
            "url":"",
            "type":"page",
            "subtype":"faq",
            "tags":"faq",
            "menu_order":1,
            "popularity_index":1,
            "trend_index":1,
            "is_pro":false,
            "has_page_settings":true
         },
         {
            "id":"pages/coming-soon-v1",
            "title":"Coming Soon v1",
            "thumbnail":"",
            "tmpl_created":1655982932,
            "author":"uixtheme",
            "url":"",
            "type":"page",
            "subtype":"coming-soon",
            "tags":"coming-soon",
            "menu_order":1,
            "popularity_index":1,
            "trend_index":1,
            "is_pro":false,
            "has_page_settings":true
         },
         {
            "id":"pages/coming-soon-v2",
            "title":"Coming Soon v2",
            "thumbnail":"",
            "tmpl_created":1655982932,
            "author":"uixtheme",
            "url":"",
            "type":"page",
            "subtype":"coming",
            "tags":"coming",
            "menu_order":1,
            "popularity_index":1,
            "trend_index":1,
            "is_pro":false,
            "has_page_settings":true
         },
         {
            "id":"pages/pricing-table",
            "title":"Pricing Table",
            "thumbnail":"",
            "tmpl_created":1655982932,
            "author":"uixtheme",
            "url":"",
            "type":"page",
            "subtype":"pricing-table",
            "tags":"pricing-table",
            "menu_order":1,
            "popularity_index":1,
            "trend_index":1,
            "is_pro":false,
            "has_page_settings":true
         },
         {
            "id":"pages/team",
            "title":"Team",
            "thumbnail":"",
            "tmpl_created":1655982932,
            "author":"uixtheme",
            "url":"",
            "type":"page",
            "subtype":"team",
            "tags":"team",
            "menu_order":1,
            "popularity_index":1,
            "trend_index":1,
            "is_pro":false,
            "has_page_settings":true
         },
         {
            "id":"pages/help-center",
            "title":"Help Center",
            "thumbnail":"",
            "tmpl_created":1655982932,
            "author":"uixtheme",
            "url":"",
            "type":"page",
            "subtype":"help-center",
            "tags":"help-center",
            "menu_order":1,
            "popularity_index":1,
            "trend_index":1,
            "is_pro":false,
            "has_page_settings":true
         },

         {
            "id":"footer/footer-v1",
            "title":"Footer v1",
            "thumbnail":"",
            "tmpl_created":1642275628,
            "author":"uixtheme",
            "url":"",
            "type":"block",
            "subtype":"footer",
            "tags":"footer",
            "menu_order":1,
            "popularity_index":1,
            "trend_index":1,
            "is_pro":false,
            "has_page_settings":false
         },
         {
            "id":"footer/footer-v2",
            "title":"Footer v2",
            "thumbnail":"",
            "tmpl_created":1642275628,
            "author":"uixtheme",
            "url":"",
            "type":"block",
            "subtype":"footer",
            "tags":"footer",
            "menu_order":1,
            "popularity_index":1,
            "trend_index":1,
            "is_pro":false,
            "has_page_settings":false
         },
         {
            "id":"footer/footer-v3",
            "title":"Footer v3",
            "thumbnail":"",
            "tmpl_created":1642275628,
            "author":"uixtheme",
            "url":"",
            "type":"block",
            "subtype":"footer",
            "tags":"footer",
            "menu_order":1,
            "popularity_index":1,
            "trend_index":1,
            "is_pro":false,
            "has_page_settings":false
         },
         {
            "id":"footer/footer-v4",
            "title":"Footer v4",
            "thumbnail":"",
            "tmpl_created":1642275628,
            "author":"uixtheme",
            "url":"",
            "type":"block",
            "subtype":"footer",
            "tags":"footer",
            "menu_order":1,
            "popularity_index":1,
            "trend_index":1,
            "is_pro":false,
            "has_page_settings":false
         },
         {
            "id":"footer/footer-v5",
            "title":"Footer v5",
            "thumbnail":"",
            "tmpl_created":1642275628,
            "author":"uixtheme",
            "url":"",
            "type":"block",
            "subtype":"footer",
            "tags":"footer",
            "menu_order":1,
            "popularity_index":1,
            "trend_index":1,
            "is_pro":false,
            "has_page_settings":false
         },
         {
            "id":"footer/footer-v6",
            "title":"Footer v6",
            "thumbnail":"",
            "tmpl_created":1642275628,
            "author":"uixtheme",
            "url":"",
            "type":"block",
            "subtype":"footer",
            "tags":"footer",
            "menu_order":1,
            "popularity_index":1,
            "trend_index":1,
            "is_pro":false,
            "has_page_settings":false
         },
         {
            "id":"footer/footer-v7",
            "title":"Footer v7",
            "thumbnail":"",
            "tmpl_created":1642275628,
            "author":"uixtheme",
            "url":"",
            "type":"block",
            "subtype":"footer",
            "tags":"footer",
            "menu_order":1,
            "popularity_index":1,
            "trend_index":1,
            "is_pro":false,
            "has_page_settings":false
         },
         {
            "id":"footer/footer-v8",
            "title":"Footer v8",
            "thumbnail":"",
            "tmpl_created":1642275628,
            "author":"uixtheme",
            "url":"",
            "type":"block",
            "subtype":"footer",
            "tags":"footer",
            "menu_order":1,
            "popularity_index":1,
            "trend_index":1,
            "is_pro":false,
            "has_page_settings":false
         },

         {
            "id":"footer/footer-for-contact",
            "title":"Footer for Contact",
            "thumbnail":"",
            "tmpl_created":1642275628,
            "author":"uixtheme",
            "url":"",
            "type":"block",
            "subtype":"footer",
            "tags":"footer",
            "menu_order":1,
            "popularity_index":1,
            "trend_index":1,
            "is_pro":false,
            "has_page_settings":false
         },

         {
            "id":"footer/footer-for-pages",
            "title":"Footer for Pages",
            "thumbnail":"",
            "tmpl_created":1642275628,
            "author":"uixtheme",
            "url":"",
            "type":"block",
            "subtype":"footer",
            "tags":"footer",
            "menu_order":1,
            "popularity_index":1,
            "trend_index":1,
            "is_pro":false,
            "has_page_settings":false
         },

         {
            "id":"footer/footer-for-blog",
            "title":"Footer for Blog",
            "thumbnail":"",
            "tmpl_created":1642275628,
            "author":"uixtheme",
            "url":"",
            "type":"block",
            "subtype":"footer",
            "tags":"footer",
            "menu_order":1,
            "popularity_index":1,
            "trend_index":1,
            "is_pro":false,
            "has_page_settings":false
         },
         {
            "id":"footer/footer-for-404",
            "title":"Footer for 404",
            "thumbnail":"",
            "tmpl_created":1642275628,
            "author":"uixtheme",
            "url":"",
            "type":"block",
            "subtype":"footer",
            "tags":"footer",
            "menu_order":1,
            "popularity_index":1,
            "trend_index":1,
            "is_pro":false,
            "has_page_settings":false
         },
         {
            "id":"footer/footer-for-404-v2",
            "title":"Footer for 404 v2",
            "thumbnail":"",
            "tmpl_created":1642275628,
            "author":"uixtheme",
            "url":"",
            "type":"block",
            "subtype":"footer",
            "tags":"footer",
            "menu_order":1,
            "popularity_index":1,
            "trend_index":1,
            "is_pro":false,
            "has_page_settings":false
         },
         {
            "id":"footer/footer-for-help-center",
            "title":"Footer for Help Center",
            "thumbnail":"",
            "tmpl_created":1642275628,
            "author":"uixtheme",
            "url":"",
            "type":"block",
            "subtype":"footer",
            "tags":"footer",
            "menu_order":1,
            "popularity_index":1,
            "trend_index":1,
            "is_pro":false,
            "has_page_settings":false
         },


         {
            "id":"footer/footer-for-sign-in",
            "title":"Footer for Sign In",
            "thumbnail":"",
            "tmpl_created":1642275628,
            "author":"uixtheme",
            "url":"",
            "type":"block",
            "subtype":"footer",
            "tags":"footer",
            "menu_order":1,
            "popularity_index":1,
            "trend_index":1,
            "is_pro":false,
            "has_page_settings":false
         },

         {
            "id":"footer/footer-mobile-v1",
            "title":"Footer Mobile v1",
            "thumbnail":"",
            "tmpl_created":1642275628,
            "author":"uixtheme",
            "url":"",
            "type":"block",
            "subtype":"footer-mobile",
            "tags":"footer-mobile",
            "menu_order":1,
            "popularity_index":1,
            "trend_index":1,
            "is_pro":false,
            "has_page_settings":false
         },
         {
            "id":"footer/footer-mobile-v2",
            "title":"Footer Mobile v2",
            "thumbnail":"",
            "tmpl_created":1642275628,
            "author":"uixtheme",
            "url":"",
            "type":"block",
            "subtype":"footer-mobile",
            "tags":"footer-mobile",
            "menu_order":1,
            "popularity_index":1,
            "trend_index":1,
            "is_pro":false,
            "has_page_settings":false
         },
         {
            "id":"footer/footer-mobile-v3",
            "title":"Footer Mobile v3",
            "thumbnail":"",
            "tmpl_created":1642275628,
            "author":"uixtheme",
            "url":"",
            "type":"block",
            "subtype":"footer-mobile",
            "tags":"footer-mobile",
            "menu_order":1,
            "popularity_index":1,
            "trend_index":1,
            "is_pro":false,
            "has_page_settings":false
         },
         {
            "id":"footer/footer-mobile-v4",
            "title":"Footer Mobile v4",
            "thumbnail":"",
            "tmpl_created":1642275628,
            "author":"uixtheme",
            "url":"",
            "type":"block",
            "subtype":"footer-mobile",
            "tags":"footer-mobile",
            "menu_order":1,
            "popularity_index":1,
            "trend_index":1,
            "is_pro":false,
            "has_page_settings":false
         },
         {
            "id":"footer/footer-mobile-v5",
            "title":"Footer Mobile v5",
            "thumbnail":"",
            "tmpl_created":1642275628,
            "author":"uixtheme",
            "url":"",
            "type":"block",
            "subtype":"footer-mobile",
            "tags":"footer-mobile",
            "menu_order":1,
            "popularity_index":1,
            "trend_index":1,
            "is_pro":false,
            "has_page_settings":false
         },
         {
            "id":"footer/footer-mobile-v6",
            "title":"Footer Mobile v6",
            "thumbnail":"",
            "tmpl_created":1642275628,
            "author":"uixtheme",
            "url":"",
            "type":"block",
            "subtype":"footer-mobile",
            "tags":"footer-mobile",
            "menu_order":1,
            "popularity_index":1,
            "trend_index":1,
            "is_pro":false,
            "has_page_settings":false
         },
         {
            "id":"footer/footer-mobile-v7",
            "title":"Footer Mobile v7",
            "thumbnail":"",
            "tmpl_created":1642275628,
            "author":"uixtheme",
            "url":"",
            "type":"block",
            "subtype":"footer-mobile",
            "tags":"footer-mobile",
            "menu_order":1,
            "popularity_index":1,
            "trend_index":1,
            "is_pro":false,
            "has_page_settings":false
         },
         {
            "id":"footer/footer-mobile-v8",
            "title":"Footer Mobile v8",
            "thumbnail":"",
            "tmpl_created":1642275628,
            "author":"uixtheme",
            "url":"",
            "type":"block",
            "subtype":"footer-mobile",
            "tags":"footer-mobile",
            "menu_order":1,
            "popularity_index":1,
            "trend_index":1,
            "is_pro":false,
            "has_page_settings":false
         },

         {
            "id":"footer/footer-mobile-for-help-center",
            "title":"Footer Mobile for Help Center",
            "thumbnail":"",
            "tmpl_created":1642275628,
            "author":"uixtheme",
            "url":"",
            "type":"block",
            "subtype":"footer-mobile",
            "tags":"footer-mobile",
            "menu_order":1,
            "popularity_index":1,
            "trend_index":1,
            "is_pro":false,
            "has_page_settings":false
         },
         {
            "id":"footer/footer-mobile-for-pages",
            "title":"Footer Mobile for Pages",
            "thumbnail":"",
            "tmpl_created":1642275628,
            "author":"uixtheme",
            "url":"",
            "type":"block",
            "subtype":"footer-mobile",
            "tags":"footer-mobile",
            "menu_order":1,
            "popularity_index":1,
            "trend_index":1,
            "is_pro":false,
            "has_page_settings":false
         },
         {
            "id":"footer/footer-mobile-for-contact",
            "title":"Footer Mobile for Contact",
            "thumbnail":"",
            "tmpl_created":1642275628,
            "author":"uixtheme",
            "url":"",
            "type":"block",
            "subtype":"footer-mobile",
            "tags":"footer-mobile",
            "menu_order":1,
            "popularity_index":1,
            "trend_index":1,
            "is_pro":false,
            "has_page_settings":false
         },
         {
            "id":"shop-header/shop-header",
            "title":"Shop Header",
            "thumbnail":"",
            "tmpl_created":1642275628,
            "author":"uixtheme",
            "url":"",
            "type":"block",
            "subtype":"shop-header",
            "tags":"shop-header",
            "menu_order":1,
            "popularity_index":1,
            "trend_index":1,
            "is_pro":false,
            "has_page_settings":false
         }
      ]
   }
}